Year, Month, Monthly_MSL, Linear_Trend, High_Conf., Low_Conf.
1902,6,-0.264,-0.283,-0.274,-0.291,
1902,7,-0.218,-0.283,-0.274,-0.291,
1902,8,-0.219,-0.282,-0.274,-0.291,
1902,9,-0.200,-0.282,-0.273,-0.291,
1902,10,-0.178,-0.282,-0.273,-0.290,
1902,11,-0.125,-0.281,-0.273,-0.290,
1902,12,-0.171,-0.281,-0.273,-0.290,
1903,1,-0.248,-0.281,-0.272,-0.289,
1903,2,-0.306,-0.281,-0.272,-0.289,
1903,3,-0.190,-0.280,-0.272,-0.289,
1903,4,-0.162,-0.280,-0.272,-0.289,
1903,5,-0.211,-0.280,-0.271,-0.288,
1903,6,-0.118,-0.280,-0.271,-0.288,
1903,7,-0.233,-0.279,-0.271,-0.288,
1903,8,-0.183,-0.279,-0.271,-0.287,
1903,9,-0.233,-0.279,-0.270,-0.287,
1903,10,-0.221,-0.278,-0.270,-0.287,
1903,11,-0.277,-0.278,-0.270,-0.287,
1903,12,-0.348,-0.278,-0.270,-0.286,
1904,1,-0.284,-0.278,-0.269,-0.286,
1904,2,-0.349,-0.277,-0.269,-0.286,
1904,3,-0.272,-0.277,-0.269,-0.286,
1904,4,-0.327,-0.277,-0.268,-0.285,
1904,5,-0.272,-0.277,-0.268,-0.285,
1904,6,-0.249,-0.276,-0.268,-0.285,
1904,7,-0.266,-0.276,-0.268,-0.284,
1904,8,-0.305,-0.276,-0.267,-0.284,
1904,9,-0.276,-0.276,-0.267,-0.284,
1904,10,-0.303,-0.275,-0.267,-0.284,
1904,11,-0.283,-0.275,-0.267,-0.283,
1904,12,-0.262,-0.275,-0.266,-0.283,
1905,1,-0.318,-0.274,-0.266,-0.283,
1905,2,-0.337,-0.274,-0.266,-0.282,
1905,3,-0.266,-0.274,-0.266,-0.282,
1905,4,-0.296,-0.274,-0.265,-0.282,
1905,5,-0.290,-0.273,-0.265,-0.282,
1905,6,-0.258,-0.273,-0.265,-0.281,
1905,7,-0.218,-0.273,-0.265,-0.281,
1905,8,-0.219,-0.273,-0.264,-0.281,
1905,9,-0.267,-0.272,-0.264,-0.281,
1905,10,-0.279,-0.272,-0.264,-0.280,
1905,11,-0.271,-0.272,-0.264,-0.280,
1905,12,-0.232,-0.271,-0.263,-0.280,
1906,1,-0.168,-0.271,-0.263,-0.279,
1906,2,-0.297,-0.271,-0.263,-0.279,
1906,3,-0.318,-0.271,-0.263,-0.279,
1906,4,-0.281,-0.270,-0.262,-0.279,
1906,5,-0.296,-0.270,-0.262,-0.278,
1906,6,-0.197,-0.270,-0.262,-0.278,
1906,7,-0.178,-0.270,-0.261,-0.278,
1906,8,-0.195,-0.269,-0.261,-0.277,
1906,9,-0.273,-0.269,-0.261,-0.277,
1906,10,-0.193,-0.269,-0.261,-0.277,
1906,11,-0.332,-0.269,-0.260,-0.277,
1906,12,-0.335,-0.268,-0.260,-0.276,
1907,1,-0.223,-0.268,-0.260,-0.276,
1907,2,-0.291,-0.268,-0.260,-0.276,
1907,3,-0.241,-0.267,-0.259,-0.276,
1907,4,-0.339,-0.267,-0.259,-0.275,
1907,5,-0.281,-0.267,-0.259,-0.275,
1907,6,-0.222,-0.267,-0.259,-0.275,
1907,7,-0.282,-0.266,-0.258,-0.274,
1907,8,-0.287,-0.266,-0.258,-0.274,
1907,9,-0.310,-0.266,-0.258,-0.274,
1907,10,-0.337,-0.266,-0.258,-0.274,
1907,11,-0.253,-0.265,-0.257,-0.273,
1907,12,-0.186,-0.265,-0.257,-0.273,
1908,1,-0.248,-0.265,-0.257,-0.273,
1908,2,-0.279,-0.265,-0.257,-0.272,
1908,3,-0.248,-0.264,-0.256,-0.272,
1908,4,-0.345,-0.264,-0.256,-0.272,
1908,5,-0.251,-0.264,-0.256,-0.272,
1908,6,-0.243,-0.263,-0.256,-0.271,
1908,7,-0.251,-0.263,-0.255,-0.271,
1908,8,-0.201,-0.263,-0.255,-0.271,
1908,9,-0.230,-0.263,-0.255,-0.271,
1908,10,-0.200,-0.262,-0.254,-0.270,
1908,11,-0.344,-0.262,-0.254,-0.270,
1908,12,-0.256,-0.262,-0.254,-0.270,
1909,1,-0.223,-0.262,-0.254,-0.269,
1909,2,-0.233,-0.261,-0.253,-0.269,
1909,3,-0.290,-0.261,-0.253,-0.269,
1909,4,-0.284,-0.261,-0.253,-0.269,
1909,5,-0.190,-0.260,-0.253,-0.268,
1909,6,-0.243,-0.260,-0.252,-0.268,
1909,7,-0.266,-0.260,-0.252,-0.268,
1909,8,-0.204,-0.260,-0.252,-0.267,
1909,9,-0.246,-0.259,-0.252,-0.267,
1909,10,-0.331,-0.259,-0.251,-0.267,
1909,11,-0.268,-0.259,-0.251,-0.267,
1909,12,-0.210,-0.259,-0.251,-0.266,
1910,1,-0.187,-0.258,-0.251,-0.266,
1910,2,-0.297,-0.258,-0.250,-0.266,
1910,3,-0.202,-0.258,-0.250,-0.266,
1910,4,-0.144,-0.258,-0.250,-0.265,
1910,5,-0.272,-0.257,-0.250,-0.265,
1910,6,-0.246,-0.257,-0.249,-0.265,
1910,7,-0.202,-0.257,-0.249,-0.264,
1910,8,-0.232,-0.256,-0.249,-0.264,
1910,9,-0.188,-0.256,-0.248,-0.264,
1910,10,-0.227,-0.256,-0.248,-0.264,
1910,11,-0.323,-0.256,-0.248,-0.263,
1910,12,-0.247,-0.255,-0.248,-0.263,
1911,1,-0.226,-0.255,-0.247,-0.263,
1911,2,-0.187,-0.255,-0.247,-0.262,
1911,3,-0.284,-0.255,-0.247,-0.262,
1911,4,-0.247,-0.254,-0.247,-0.262,
1911,5,-0.287,-0.254,-0.246,-0.262,
1911,6,-0.240,-0.254,-0.246,-0.261,
1911,7,-0.288,-0.254,-0.246,-0.261,
1911,8,-0.235,-0.253,-0.246,-0.261,
1911,9,-0.203,-0.253,-0.245,-0.261,
1911,10,-0.181,-0.253,-0.245,-0.260,
1911,11,-0.320,-0.252,-0.245,-0.260,
1911,12,-0.241,-0.252,-0.245,-0.260,
1912,1,-0.324,-0.252,-0.244,-0.259,
1912,2,-0.264,-0.252,-0.244,-0.259,
1912,3,-0.281,-0.251,-0.244,-0.259,
1912,4,-0.305,-0.251,-0.244,-0.259,
1912,5,-0.232,-0.251,-0.243,-0.258,
1912,6,-0.292,-0.251,-0.243,-0.258,
1912,7,-0.288,-0.250,-0.243,-0.258,
1912,8,-0.283,-0.250,-0.243,-0.258,
1912,9,-0.175,-0.250,-0.242,-0.257,
1912,10,-0.270,-0.249,-0.242,-0.257,
1912,11,-0.292,-0.249,-0.242,-0.257,
1912,12,-0.293,-0.249,-0.241,-0.256,
1913,1,-0.217,-0.249,-0.241,-0.256,
1913,2,-0.288,-0.248,-0.241,-0.256,
1913,3,-0.348,-0.248,-0.241,-0.256,
1913,4,-0.290,-0.248,-0.240,-0.255,
1913,5,-0.296,-0.248,-0.240,-0.255,
1913,6,-0.286,-0.247,-0.240,-0.255,
1913,7,-0.291,-0.247,-0.240,-0.254,
1913,8,-0.226,-0.247,-0.239,-0.254,
1913,9,-0.264,-0.247,-0.239,-0.254,
1913,10,-0.209,-0.246,-0.239,-0.254,
1913,11,-0.250,-0.246,-0.239,-0.253,
1913,12,-0.241,-0.246,-0.238,-0.253,
1914,1,-0.141,-0.245,-0.238,-0.253,
1914,2,-0.315,-0.245,-0.238,-0.253,
1914,3,-0.342,-0.245,-0.238,-0.252,
1914,4,-0.232,-0.245,-0.237,-0.252,
1914,5,-0.284,-0.244,-0.237,-0.252,
1914,6,-0.301,-0.244,-0.237,-0.251,
1914,7,-0.230,-0.244,-0.237,-0.251,
1914,8,-0.253,-0.244,-0.236,-0.251,
1914,9,-0.316,-0.243,-0.236,-0.251,
1914,10,-0.200,-0.243,-0.236,-0.250,
1914,11,-0.299,-0.243,-0.235,-0.250,
1914,12,-0.174,-0.242,-0.235,-0.250,
1915,1,-0.141,-0.242,-0.235,-0.249,
1915,2,-0.160,-0.242,-0.235,-0.249,
1915,3,-0.266,-0.242,-0.234,-0.249,
1915,4,-0.330,-0.241,-0.234,-0.249,
1915,5,-0.251,-0.241,-0.234,-0.248,
1915,6,-0.216,-0.241,-0.234,-0.248,
1915,7,-0.196,-0.241,-0.233,-0.248,
1915,8,-0.180,-0.240,-0.233,-0.248,
1915,9,-0.249,-0.240,-0.233,-0.247,
1915,10,-0.212,-0.240,-0.233,-0.247,
1915,11,-0.213,-0.240,-0.232,-0.247,
1915,12,-0.281,-0.239,-0.232,-0.246,
1916,1,-0.199,-0.239,-0.232,-0.246,
1916,2,-0.303,-0.239,-0.232,-0.246,
1916,3,-0.287,-0.238,-0.231,-0.246,
1916,4,-0.217,-0.238,-0.231,-0.245,
1916,5,-0.269,-0.238,-0.231,-0.245,
1916,6,-0.170,-0.238,-0.231,-0.245,
1916,7,-0.196,-0.237,-0.230,-0.244,
1916,8,-0.213,-0.237,-0.230,-0.244,
1916,9,-0.252,-0.237,-0.230,-0.244,
1916,10,-0.236,-0.237,-0.230,-0.244,
1916,11,-0.228,-0.236,-0.229,-0.243,
1916,12,-0.271,-0.236,-0.229,-0.243,
1917,1,-0.220,-0.236,-0.229,-0.243,
1917,2,-0.300,-0.236,-0.228,-0.243,
1917,3,-0.187,-0.235,-0.228,-0.242,
1917,4,-0.275,-0.235,-0.228,-0.242,
1917,5,-0.223,-0.235,-0.228,-0.242,
1917,6,-0.252,-0.234,-0.227,-0.241,
1917,7,-0.209,-0.234,-0.227,-0.241,
1917,8,-0.213,-0.234,-0.227,-0.241,
1917,9,-0.258,-0.234,-0.227,-0.241,
1917,10,-0.242,-0.233,-0.226,-0.240,
1917,11,-0.256,-0.233,-0.226,-0.240,
1917,12,-0.265,-0.233,-0.226,-0.240,
1918,1,-0.184,-0.233,-0.226,-0.240,
1918,2,-0.227,-0.232,-0.225,-0.239,
1918,3,-0.205,-0.232,-0.225,-0.239,
1918,4,-0.165,-0.232,-0.225,-0.239,
1918,5,-0.269,-0.231,-0.225,-0.238,
1918,6,-0.206,-0.231,-0.224,-0.238,
1918,7,-0.230,-0.231,-0.224,-0.238,
1918,8,-0.222,-0.231,-0.224,-0.238,
1918,9,-0.261,-0.230,-0.224,-0.237,
1918,10,-0.224,-0.230,-0.223,-0.237,
1918,11,-0.219,-0.230,-0.223,-0.237,
1918,12,-0.134,-0.230,-0.223,-0.236,
1919,1,-0.238,-0.229,-0.222,-0.236,
1919,2,-0.191,-0.229,-0.222,-0.236,
1919,3,-0.244,-0.229,-0.222,-0.236,
1919,4,-0.250,-0.229,-0.222,-0.235,
1919,5,-0.132,-0.228,-0.221,-0.235,
1919,6,-0.121,-0.228,-0.221,-0.235,
1919,7,-0.138,-0.228,-0.221,-0.235,
1919,8,-0.183,-0.227,-0.221,-0.234,
1919,9,-0.221,-0.227,-0.220,-0.234,
1919,10,-0.154,-0.227,-0.220,-0.234,
1919,11,-0.106,-0.227,-0.220,-0.233,
1919,12,-0.210,-0.226,-0.220,-0.233,
1920,1,-0.238,-0.226,-0.219,-0.233,
1920,2,-0.221,-0.226,-0.219,-0.233,
1920,3,-0.318,-0.226,-0.219,-0.232,
1920,4,-0.159,-0.225,-0.219,-0.232,
1920,5,-0.202,-0.225,-0.218,-0.232,
1920,6,-0.234,-0.225,-0.218,-0.231,
1920,7,-0.263,-0.224,-0.218,-0.231,
1920,8,-0.235,-0.224,-0.218,-0.231,
1920,9,-0.252,-0.224,-0.217,-0.231,
1920,10,-0.218,-0.224,-0.217,-0.230,
1920,11,-0.192,-0.223,-0.217,-0.230,
1920,12,-0.143,-0.223,-0.216,-0.230,
1921,1,-0.214,-0.223,-0.216,-0.230,
1921,2,-0.117,-0.223,-0.216,-0.229,
1921,3,-0.190,-0.222,-0.216,-0.229,
1921,4,-0.199,-0.222,-0.215,-0.229,
1921,5,-0.117,-0.222,-0.215,-0.228,
1921,6,-0.222,-0.222,-0.215,-0.228,
1921,7,-0.205,-0.221,-0.215,-0.228,
1921,8,-0.250,-0.221,-0.214,-0.228,
1921,9,-0.203,-0.221,-0.214,-0.227,
1921,10,-0.306,-0.220,-0.214,-0.227,
1921,11,-0.183,-0.220,-0.214,-0.227,
1921,12,-0.183,-0.220,-0.213,-0.226,
1922,1,-0.342,-0.220,-0.213,-0.226,
1922,2,-0.206,-0.219,-0.213,-0.226,
1922,3,-0.211,-0.219,-0.213,-0.226,
1922,4,-0.232,-0.219,-0.212,-0.225,
1922,5,-0.208,-0.219,-0.212,-0.225,
1922,6,-0.231,-0.218,-0.212,-0.225,
1922,7,-0.202,-0.218,-0.212,-0.225,
1922,8,-0.232,-0.218,-0.211,-0.224,
1922,9,-0.209,-0.218,-0.211,-0.224,
1922,10,-0.224,-0.217,-0.211,-0.224,
1922,11,-0.259,-0.217,-0.210,-0.223,
1922,12,-0.207,-0.217,-0.210,-0.223,
1923,1,-0.177,-0.216,-0.210,-0.223,
1923,2,-0.261,-0.216,-0.210,-0.223,
1923,3,-0.187,-0.216,-0.209,-0.222,
1923,4,-0.211,-0.216,-0.209,-0.222,
1923,5,-0.220,-0.215,-0.209,-0.222,
1923,6,-0.316,-0.215,-0.209,-0.222,
1923,7,-0.233,-0.215,-0.208,-0.221,
1923,8,-0.235,-0.215,-0.208,-0.221,
1923,9,-0.249,-0.214,-0.208,-0.221,
1923,10,-0.254,-0.214,-0.208,-0.220,
1923,11,-0.174,-0.214,-0.207,-0.220,
1923,12,-0.165,-0.213,-0.207,-0.220,
1924,1,-0.248,-0.213,-0.207,-0.220,
1924,2,-0.145,-0.213,-0.207,-0.219,
1924,3,-0.162,-0.213,-0.206,-0.219,
1924,4,-0.190,-0.212,-0.206,-0.219,
1924,5,-0.107,-0.212,-0.206,-0.218,
1924,6,-0.191,-0.212,-0.206,-0.218,
1924,7,-0.230,-0.212,-0.205,-0.218,
1924,8,-0.204,-0.211,-0.205,-0.218,
1924,9,-0.212,-0.211,-0.205,-0.217,
1924,10,-0.258,-0.211,-0.204,-0.217,
1924,11,-0.228,-0.211,-0.204,-0.217,
1924,12,-0.348,-0.210,-0.204,-0.217,
1925,1,-0.171,-0.210,-0.204,-0.216,
1925,2,-0.136,-0.210,-0.203,-0.216,
1925,3,-0.293,-0.209,-0.203,-0.216,
1925,4,-0.226,-0.209,-0.203,-0.215,
1925,5,-0.254,-0.209,-0.203,-0.215,
1925,6,-0.261,-0.209,-0.202,-0.215,
1925,7,-0.236,-0.208,-0.202,-0.215,
1925,8,-0.268,-0.208,-0.202,-0.214,
1925,9,-0.221,-0.208,-0.202,-0.214,
1925,10,-0.331,-0.208,-0.201,-0.214,
1925,11,-0.283,-0.207,-0.201,-0.214,
1925,12,-0.320,-0.207,-0.201,-0.213,
1926,1,-0.305,-0.207,-0.201,-0.213,
1926,2,-0.181,-0.206,-0.200,-0.213,
1926,3,-0.333,-0.206,-0.200,-0.212,
1926,4,-0.308,-0.206,-0.200,-0.212,
1926,5,-0.293,-0.206,-0.200,-0.212,
1926,6,-0.280,-0.205,-0.199,-0.212,
1926,7,-0.266,-0.205,-0.199,-0.211,
1926,8,-0.186,-0.205,-0.199,-0.211,
1926,9,-0.163,-0.205,-0.198,-0.211,
1926,10,-0.203,-0.204,-0.198,-0.210,
1926,11,-0.222,-0.204,-0.198,-0.210,
1926,12,-0.207,-0.204,-0.198,-0.210,
1927,1,-0.299,-0.204,-0.197,-0.210,
1927,2,-0.108,-0.203,-0.197,-0.209,
1927,3,-0.205,-0.203,-0.197,-0.209,
1927,4,-0.238,-0.203,-0.197,-0.209,
1927,5,-0.229,-0.202,-0.196,-0.209,
1927,6,-0.222,-0.202,-0.196,-0.208,
1927,7,-0.227,-0.202,-0.196,-0.208,
1927,8,-0.216,-0.202,-0.196,-0.208,
1927,9,-0.236,-0.201,-0.195,-0.207,
1927,10,-0.190,-0.201,-0.195,-0.207,
1927,11,-0.213,-0.201,-0.195,-0.207,
1927,12,-0.165,-0.201,-0.195,-0.207,
1928,1,-0.327,-0.200,-0.194,-0.206,
1928,2,-0.233,-0.200,-0.194,-0.206,
1928,3,-0.248,-0.200,-0.194,-0.206,
1928,4,-0.257,-0.200,-0.194,-0.206,
1928,5,-0.238,-0.199,-0.193,-0.205,
1928,6,-0.191,-0.199,-0.193,-0.205,
1928,7,-0.212,-0.199,-0.193,-0.205,
1928,8,-0.189,-0.198,-0.192,-0.204,
1928,9,-0.215,-0.198,-0.192,-0.204,
1928,10,-0.254,-0.198,-0.192,-0.204,
1928,11,-0.335,-0.198,-0.192,-0.204,
1928,12,-0.256,-0.197,-0.191,-0.203,
1929,1,-0.363,-0.197,-0.191,-0.203,
1929,2,-0.197,-0.197,-0.191,-0.203,
1929,3,-0.223,-0.197,-0.191,-0.202,
1929,4,-0.165,-0.196,-0.190,-0.202,
1929,5,-0.260,-0.196,-0.190,-0.202,
1929,6,-0.206,-0.196,-0.190,-0.202,
1929,7,-0.254,-0.195,-0.190,-0.201,
1929,8,-0.247,-0.195,-0.189,-0.201,
1929,9,-0.230,-0.195,-0.189,-0.201,
1929,10,-0.258,-0.195,-0.189,-0.201,
1929,11,-0.225,-0.194,-0.189,-0.200,
1929,12,-0.223,-0.194,-0.188,-0.200,
1930,1,-0.211,-0.194,-0.188,-0.200,
1930,2,-0.163,-0.194,-0.188,-0.199,
1930,3,-0.238,-0.193,-0.188,-0.199,
1930,4,-0.284,-0.193,-0.187,-0.199,
1930,5,-0.321,-0.193,-0.187,-0.199,
1930,6,-0.283,-0.193,-0.187,-0.198,
1930,7,-0.254,-0.192,-0.186,-0.198,
1930,8,-0.216,-0.192,-0.186,-0.198,
1930,9,-0.236,-0.192,-0.186,-0.198,
1930,10,-0.230,-0.191,-0.186,-0.197,
1930,11,-0.314,-0.191,-0.185,-0.197,
1930,12,-0.247,-0.191,-0.185,-0.197,
1931,1,-0.229,-0.191,-0.185,-0.196,
1931,2,-0.227,-0.190,-0.185,-0.196,
1931,3,-0.162,-0.190,-0.184,-0.196,
1931,4,-0.257,-0.190,-0.184,-0.196,
1931,5,-0.220,-0.190,-0.184,-0.195,
1931,6,-0.213,-0.189,-0.184,-0.195,
1931,7,-0.172,-0.189,-0.183,-0.195,
1931,8,-0.244,-0.189,-0.183,-0.194,
1931,9,-0.249,-0.188,-0.183,-0.194,
1931,10,-0.230,-0.188,-0.183,-0.194,
1931,11,-0.231,-0.188,-0.182,-0.194,
1931,12,-0.232,-0.188,-0.182,-0.193,
1932,1,-0.077,-0.187,-0.182,-0.193,
1932,2,-0.117,-0.187,-0.181,-0.193,
1932,3,-0.339,-0.187,-0.181,-0.193,
1932,4,-0.269,-0.187,-0.181,-0.192,
1932,5,-0.263,-0.186,-0.181,-0.192,
1932,6,-0.231,-0.186,-0.180,-0.192,
1932,7,-0.257,-0.186,-0.180,-0.191,
1932,8,-0.226,-0.186,-0.180,-0.191,
1932,9,-0.200,-0.185,-0.180,-0.191,
1932,10,-0.239,-0.185,-0.179,-0.191,
1932,11,-0.152,-0.185,-0.179,-0.190,
1932,12,-0.156,-0.184,-0.179,-0.190,
1933,1,-0.110,-0.184,-0.179,-0.190,
1933,2,-0.248,-0.184,-0.178,-0.190,
1933,3,-0.260,-0.184,-0.178,-0.189,
1933,4,-0.119,-0.183,-0.178,-0.189,
1933,5,-0.162,-0.183,-0.178,-0.189,
1933,6,-0.206,-0.183,-0.177,-0.188,
1933,7,-0.129,-0.183,-0.177,-0.188,
1933,8,-0.094,-0.182,-0.177,-0.188,
1933,9,-0.139,-0.182,-0.177,-0.188,
1933,10,-0.169,-0.182,-0.176,-0.187,
1933,11,-0.253,-0.182,-0.176,-0.187,
1933,12,-0.192,-0.181,-0.176,-0.187,
1934,1,-0.199,-0.181,-0.175,-0.186,
1934,2,-0.328,-0.181,-0.175,-0.186,
1934,3,-0.238,-0.180,-0.175,-0.186,
1934,4,-0.156,-0.180,-0.175,-0.186,
1934,5,-0.238,-0.180,-0.174,-0.185,
1934,6,-0.167,-0.180,-0.174,-0.185,
1934,7,-0.169,-0.179,-0.174,-0.185,
1934,8,-0.222,-0.179,-0.174,-0.185,
1934,9,-0.133,-0.179,-0.173,-0.184,
1934,10,-0.239,-0.179,-0.173,-0.184,
1934,11,-0.238,-0.178,-0.173,-0.184,
1934,12,-0.220,-0.178,-0.173,-0.183,
1935,1,-0.202,-0.178,-0.172,-0.183,
1935,2,-0.212,-0.177,-0.172,-0.183,
1935,3,-0.190,-0.177,-0.172,-0.183,
1935,4,-0.180,-0.177,-0.172,-0.182,
1935,5,-0.245,-0.177,-0.171,-0.182,
1935,6,-0.179,-0.176,-0.171,-0.182,
1935,7,-0.178,-0.176,-0.171,-0.182,
1935,8,-0.162,-0.176,-0.170,-0.181,
1935,9,-0.203,-0.176,-0.170,-0.181,
1935,10,-0.218,-0.175,-0.170,-0.181,
1935,11,-0.110,-0.175,-0.170,-0.180,
1935,12,-0.235,-0.175,-0.169,-0.180,
1936,1,-0.205,-0.175,-0.169,-0.180,
1936,2,-0.133,-0.174,-0.169,-0.180,
1936,3,-0.022,-0.174,-0.169,-0.179,
1936,4,-0.208,-0.174,-0.168,-0.179,
1936,5,-0.242,-0.173,-0.168,-0.179,
1936,6,-0.179,-0.173,-0.168,-0.179,
1936,7,-0.154,-0.173,-0.168,-0.178,
1936,8,-0.204,-0.173,-0.167,-0.178,
1936,9,-0.206,-0.172,-0.167,-0.178,
1936,10,-0.160,-0.172,-0.167,-0.177,
1936,11,-0.271,-0.172,-0.167,-0.177,
1936,12,-0.174,-0.172,-0.166,-0.177,
1937,1,-0.031,-0.171,-0.166,-0.177,
1937,2,-0.090,-0.171,-0.166,-0.176,
1937,3,-0.266,-0.171,-0.165,-0.176,
1937,4,-0.095,-0.170,-0.165,-0.176,
1937,5,-0.147,-0.170,-0.165,-0.175,
1937,6,-0.167,-0.170,-0.165,-0.175,
1937,7,-0.132,-0.170,-0.164,-0.175,
1937,8,-0.180,-0.169,-0.164,-0.175,
1937,9,-0.203,-0.169,-0.164,-0.174,
1937,10,-0.145,-0.169,-0.164,-0.174,
1937,11,-0.167,-0.169,-0.163,-0.174,
1937,12,-0.143,-0.168,-0.163,-0.174,
1938,1,-0.037,-0.168,-0.163,-0.173,
1938,2,-0.117,-0.168,-0.163,-0.173,
1938,3,-0.110,-0.168,-0.162,-0.173,
1938,4,-0.180,-0.167,-0.162,-0.172,
1938,5,-0.174,-0.167,-0.162,-0.172,
1938,6,-0.194,-0.167,-0.162,-0.172,
1938,7,-0.181,-0.166,-0.161,-0.172,
1938,8,-0.216,-0.166,-0.161,-0.171,
1938,9,-0.221,-0.166,-0.161,-0.171,
1938,10,-0.148,-0.166,-0.161,-0.171,
1938,11,-0.137,-0.165,-0.160,-0.171,
1938,12,-0.134,-0.165,-0.160,-0.170,
1939,1,-0.138,-0.165,-0.160,-0.170,
1939,2,-0.081,-0.165,-0.159,-0.170,
1939,3,-0.092,-0.164,-0.159,-0.169,
1939,4,-0.162,-0.164,-0.159,-0.169,
1939,5,-0.123,-0.164,-0.159,-0.169,
1939,6,-0.133,-0.164,-0.158,-0.169,
1939,7,-0.141,-0.163,-0.158,-0.168,
1939,8,-0.171,-0.163,-0.158,-0.168,
1939,9,-0.118,-0.163,-0.158,-0.168,
1939,10,-0.200,-0.162,-0.157,-0.168,
1939,11,-0.195,-0.162,-0.157,-0.167,
1939,12,-0.213,-0.162,-0.157,-0.167,
1940,1,-0.229,-0.162,-0.157,-0.167,
1940,2,-0.090,-0.161,-0.156,-0.166,
1940,3,-0.177,-0.161,-0.156,-0.166,
1940,4,-0.159,-0.161,-0.156,-0.166,
1940,5,-0.098,-0.161,-0.156,-0.166,
1940,6,-0.155,-0.160,-0.155,-0.165,
1940,7,-0.190,-0.160,-0.155,-0.165,
1940,8,-0.101,-0.160,-0.155,-0.165,
1940,9,-0.197,-0.159,-0.154,-0.165,
1940,10,-0.166,-0.159,-0.154,-0.164,
1940,11,-0.195,-0.159,-0.154,-0.164,
1940,12,-0.082,-0.159,-0.154,-0.164,
1941,1,-0.104,-0.158,-0.153,-0.163,
1941,2,-0.258,-0.158,-0.153,-0.163,
1941,3,-0.284,-0.158,-0.153,-0.163,
1941,4,-0.122,-0.158,-0.153,-0.163,
1941,5,-0.242,-0.157,-0.152,-0.162,
1941,6,-0.149,-0.157,-0.152,-0.162,
1941,7,-0.135,-0.157,-0.152,-0.162,
1941,8,-0.207,-0.157,-0.152,-0.162,
1941,9,-0.203,-0.156,-0.151,-0.161,
1941,10,-0.209,-0.156,-0.151,-0.161,
1941,11,-0.183,-0.156,-0.151,-0.161,
1941,12,-0.168,-0.155,-0.151,-0.160,
1942,1,-0.141,-0.155,-0.150,-0.160,
1942,2,-0.245,-0.155,-0.150,-0.160,
1942,3,-0.098,-0.155,-0.150,-0.160,
1942,4,-0.150,-0.154,-0.149,-0.159,
1942,5,-0.120,-0.154,-0.149,-0.159,
1942,6,-0.112,-0.154,-0.149,-0.159,
1942,7,-0.148,-0.154,-0.149,-0.158,
1942,8,-0.125,-0.153,-0.148,-0.158,
1942,9,-0.121,-0.153,-0.148,-0.158,
1942,10,-0.047,-0.153,-0.148,-0.158,
1942,11,-0.143,-0.153,-0.148,-0.157,
1942,12,-0.162,-0.152,-0.147,-0.157,
1943,1,-0.120,-0.152,-0.147,-0.157,
1943,2,-0.139,-0.152,-0.147,-0.157,
1943,3,-0.174,-0.151,-0.147,-0.156,
1943,4,-0.208,-0.151,-0.146,-0.156,
1943,5,-0.177,-0.151,-0.146,-0.156,
1943,6,-0.145,-0.151,-0.146,-0.155,
1943,7,-0.138,-0.150,-0.145,-0.155,
1943,8,-0.134,-0.150,-0.145,-0.155,
1943,9,-0.212,-0.150,-0.145,-0.155,
1943,10,-0.154,-0.150,-0.145,-0.154,
1943,11,-0.177,-0.149,-0.144,-0.154,
1943,12,-0.238,-0.149,-0.144,-0.154,
1944,1,-0.159,-0.149,-0.144,-0.154,
1944,2,-0.178,-0.148,-0.144,-0.153,
1944,3,-0.138,-0.148,-0.143,-0.153,
1944,4,-0.177,-0.148,-0.143,-0.153,
1944,5,-0.135,-0.148,-0.143,-0.152,
1944,6,-0.149,-0.147,-0.143,-0.152,
1944,7,-0.114,-0.147,-0.142,-0.152,
1944,8,-0.168,-0.147,-0.142,-0.152,
1944,9,-0.188,-0.147,-0.142,-0.151,
1944,10,-0.200,-0.146,-0.142,-0.151,
1944,11,-0.113,-0.146,-0.141,-0.151,
1944,12,-0.235,-0.146,-0.141,-0.151,
1945,1,-0.193,-0.146,-0.141,-0.150,
1945,2,-0.151,-0.145,-0.140,-0.150,
1945,3,-0.065,-0.145,-0.140,-0.150,
1945,4,-0.132,-0.145,-0.140,-0.149,
1945,5,-0.083,-0.144,-0.140,-0.149,
1945,6,-0.133,-0.144,-0.139,-0.149,
1945,7,-0.077,-0.144,-0.139,-0.149,
1945,8,-0.134,-0.144,-0.139,-0.148,
1945,9,-0.072,-0.143,-0.139,-0.148,
1945,10,-0.117,-0.143,-0.138,-0.148,
1945,11,-0.049,-0.143,-0.138,-0.148,
1945,12,-0.000,-0.143,-0.138,-0.147,
1946,1,-0.062,-0.142,-0.138,-0.147,
1946,2,-0.123,-0.142,-0.137,-0.147,
1946,3,-0.010,-0.142,-0.137,-0.146,
1946,4,-0.086,-0.141,-0.137,-0.146,
1946,5,-0.095,-0.141,-0.137,-0.146,
1946,6,-0.106,-0.141,-0.136,-0.146,
1946,7,-0.090,-0.141,-0.136,-0.145,
1946,8,-0.119,-0.140,-0.136,-0.145,
1946,9,-0.136,-0.140,-0.135,-0.145,
1946,10,-0.084,-0.140,-0.135,-0.145,
1946,11,-0.091,-0.140,-0.135,-0.144,
1946,12,-0.137,-0.139,-0.135,-0.144,
1947,1,-0.065,-0.139,-0.134,-0.144,
1947,2,-0.236,-0.139,-0.134,-0.143,
1947,3,-0.171,-0.139,-0.134,-0.143,
1947,4,-0.098,-0.138,-0.134,-0.143,
1947,5,-0.147,-0.138,-0.133,-0.143,
1947,6,-0.057,-0.138,-0.133,-0.142,
1947,7,-0.105,-0.137,-0.133,-0.142,
1947,8,-0.091,-0.137,-0.133,-0.142,
1947,9,-0.118,-0.137,-0.132,-0.142,
1947,10,-0.136,-0.137,-0.132,-0.141,
1947,11,0.012,-0.136,-0.132,-0.141,
1947,12,-0.189,-0.136,-0.131,-0.141,
1948,1,-0.174,-0.136,-0.131,-0.140,
1948,2,-0.072,-0.136,-0.131,-0.140,
1948,3,-0.043,-0.135,-0.131,-0.140,
1948,4,-0.116,-0.135,-0.130,-0.140,
1948,5,-0.083,-0.135,-0.130,-0.139,
1948,6,-0.100,-0.135,-0.130,-0.139,
1948,7,-0.102,-0.134,-0.130,-0.139,
1948,8,-0.152,-0.134,-0.129,-0.139,
1948,9,-0.121,-0.134,-0.129,-0.138,
1948,10,-0.105,-0.133,-0.129,-0.138,
1948,11,-0.033,-0.133,-0.129,-0.138,
1948,12,-0.024,-0.133,-0.128,-0.137,
1949,1,-0.010,-0.133,-0.128,-0.137,
1949,2,-0.020,-0.132,-0.128,-0.137,
1949,3,-0.205,-0.132,-0.128,-0.137,
1949,4,-0.147,-0.132,-0.127,-0.136,
1949,5,-0.107,-0.132,-0.127,-0.136,
1949,6,-0.103,-0.131,-0.127,-0.136,
1949,7,-0.108,-0.131,-0.126,-0.136,
1949,8,-0.107,-0.131,-0.126,-0.135,
1949,9,-0.185,-0.130,-0.126,-0.135,
1949,10,-0.075,-0.130,-0.126,-0.135,
1949,11,-0.131,-0.130,-0.125,-0.134,
1949,12,-0.192,-0.130,-0.125,-0.134,
1950,1,-0.107,-0.129,-0.125,-0.134,
1950,2,-0.096,-0.129,-0.125,-0.134,
1950,3,-0.287,-0.129,-0.124,-0.133,
1950,4,-0.199,-0.129,-0.124,-0.133,
1950,5,-0.165,-0.128,-0.124,-0.133,
1950,6,-0.200,-0.128,-0.124,-0.133,
1950,7,-0.175,-0.128,-0.123,-0.132,
1950,8,-0.146,-0.128,-0.123,-0.132,
1950,9,-0.115,-0.127,-0.123,-0.132,
1950,10,-0.093,-0.127,-0.122,-0.131,
1950,11,-0.015,-0.127,-0.122,-0.131,
1950,12,-0.061,-0.126,-0.122,-0.131,
1951,1,-0.092,-0.126,-0.122,-0.131,
1951,2,-0.120,-0.126,-0.121,-0.130,
1951,3,0.024,-0.126,-0.121,-0.130,
1951,4,-0.089,-0.125,-0.121,-0.130,
1951,5,-0.113,-0.125,-0.121,-0.130,
1951,6,-0.017,-0.125,-0.120,-0.129,
1951,7,-0.108,-0.125,-0.120,-0.129,
1951,8,-0.098,-0.124,-0.120,-0.129,
1951,9,-0.105,-0.124,-0.120,-0.128,
1951,10,-0.084,-0.124,-0.119,-0.128,
1951,11,-0.171,-0.123,-0.119,-0.128,
1951,12,-0.119,-0.123,-0.119,-0.128,
1952,1,-0.083,-0.123,-0.118,-0.127,
1952,2,-0.053,-0.123,-0.118,-0.127,
1952,3,-0.062,-0.122,-0.118,-0.127,
1952,4,-0.110,-0.122,-0.118,-0.127,
1952,5,-0.065,-0.122,-0.117,-0.126,
1952,6,-0.155,-0.122,-0.117,-0.126,
1952,7,-0.126,-0.121,-0.117,-0.126,
1952,8,-0.128,-0.121,-0.117,-0.126,
1952,9,-0.115,-0.121,-0.116,-0.125,
1952,10,-0.212,-0.121,-0.116,-0.125,
1952,11,-0.049,-0.120,-0.116,-0.125,
1952,12,-0.003,-0.120,-0.116,-0.124,
1953,1,0.048,-0.120,-0.115,-0.124,
1953,2,-0.099,-0.119,-0.115,-0.124,
1953,3,-0.080,-0.119,-0.115,-0.124,
1953,4,-0.101,-0.119,-0.115,-0.123,
1953,5,-0.049,-0.119,-0.114,-0.123,
1953,6,-0.081,-0.118,-0.114,-0.123,
1953,7,-0.102,-0.118,-0.114,-0.123,
1953,8,-0.098,-0.118,-0.113,-0.122,
1953,9,-0.105,-0.118,-0.113,-0.122,
1953,10,-0.084,-0.117,-0.113,-0.122,
1953,11,-0.097,-0.117,-0.113,-0.121,
1953,12,-0.143,-0.117,-0.112,-0.121,
1954,1,-0.110,-0.117,-0.112,-0.121,
1954,2,-0.041,-0.116,-0.112,-0.121,
1954,3,-0.147,-0.116,-0.112,-0.120,
1954,4,-0.095,-0.116,-0.111,-0.120,
1954,5,-0.092,-0.115,-0.111,-0.120,
1954,6,-0.100,-0.115,-0.111,-0.120,
1954,7,-0.123,-0.115,-0.111,-0.119,
1954,8,-0.186,-0.115,-0.110,-0.119,
1954,9,-0.124,-0.114,-0.110,-0.119,
1954,10,-0.114,-0.114,-0.110,-0.118,
1954,11,-0.122,-0.114,-0.109,-0.118,
1954,12,-0.189,-0.114,-0.109,-0.118,
1955,1,-0.074,-0.113,-0.109,-0.118,
1955,2,-0.108,-0.113,-0.109,-0.117,
1955,3,-0.147,-0.113,-0.108,-0.117,
1955,4,-0.055,-0.112,-0.108,-0.117,
1955,5,-0.104,-0.112,-0.108,-0.117,
1955,6,-0.112,-0.112,-0.108,-0.116,
1955,7,-0.099,-0.112,-0.107,-0.116,
1955,8,0.015,-0.111,-0.107,-0.116,
1955,9,-0.087,-0.111,-0.107,-0.115,
1955,10,-0.001,-0.111,-0.107,-0.115,
1955,11,-0.116,-0.111,-0.106,-0.115,
1955,12,-0.180,-0.110,-0.106,-0.115,
1956,1,-0.089,-0.110,-0.106,-0.114,
1956,2,-0.096,-0.110,-0.105,-0.114,
1956,3,-0.080,-0.110,-0.105,-0.114,
1956,4,-0.074,-0.109,-0.105,-0.114,
1956,5,-0.083,-0.109,-0.105,-0.113,
1956,6,-0.094,-0.109,-0.104,-0.113,
1956,7,-0.084,-0.108,-0.104,-0.113,
1956,8,-0.061,-0.108,-0.104,-0.113,
1956,9,-0.069,-0.108,-0.104,-0.112,
1956,10,-0.011,-0.108,-0.103,-0.112,
1956,11,-0.055,-0.107,-0.103,-0.112,
1956,12,-0.034,-0.107,-0.103,-0.111,
1957,1,-0.138,-0.107,-0.103,-0.111,
1957,2,-0.035,-0.107,-0.102,-0.111,
1957,3,0.002,-0.106,-0.102,-0.111,
1957,4,-0.129,-0.106,-0.102,-0.110,
1957,5,-0.077,-0.106,-0.101,-0.110,
1957,6,-0.063,-0.105,-0.101,-0.110,
1957,7,-0.132,-0.105,-0.101,-0.110,
1957,8,-0.134,-0.105,-0.101,-0.109,
1957,9,-0.115,-0.105,-0.100,-0.109,
1957,10,-0.129,-0.104,-0.100,-0.109,
1957,11,-0.097,-0.104,-0.100,-0.108,
1957,12,-0.131,-0.104,-0.100,-0.108,
1958,1,-0.065,-0.104,-0.099,-0.108,
1958,2,-0.221,-0.103,-0.099,-0.108,
1958,3,-0.004,-0.103,-0.099,-0.107,
1958,4,0.042,-0.103,-0.098,-0.107,
1958,5,-0.089,-0.103,-0.098,-0.107,
1958,6,-0.078,-0.102,-0.098,-0.107,
1958,7,-0.111,-0.102,-0.098,-0.106,
1958,8,-0.101,-0.102,-0.097,-0.106,
1958,9,-0.115,-0.101,-0.097,-0.106,
1958,10,-0.044,-0.101,-0.097,-0.106,
1958,11,-0.070,-0.101,-0.097,-0.105,
1958,12,-0.098,-0.101,-0.096,-0.105,
1959,1,-0.153,-0.100,-0.096,-0.105,
1959,2,-0.142,-0.100,-0.096,-0.104,
1959,3,-0.132,-0.100,-0.096,-0.104,
1959,4,-0.046,-0.100,-0.095,-0.104,
1959,5,-0.159,-0.099,-0.095,-0.104,
1959,6,-0.176,-0.099,-0.095,-0.103,
1959,7,-0.102,-0.099,-0.094,-0.103,
1959,8,-0.061,-0.099,-0.094,-0.103,
1959,9,-0.093,-0.098,-0.094,-0.103,
1959,10,-0.023,-0.098,-0.094,-0.102,
1959,11,-0.088,-0.098,-0.093,-0.102,
1959,12,-0.034,-0.097,-0.093,-0.102,
1960,1,-0.022,-0.097,-0.093,-0.101,
1960,2,-0.053,-0.097,-0.093,-0.101,
1960,3,-0.153,-0.097,-0.092,-0.101,
1960,4,-0.037,-0.096,-0.092,-0.101,
1960,5,0.018,-0.096,-0.092,-0.100,
1960,6,-0.030,-0.096,-0.092,-0.100,
1960,7,-0.062,-0.096,-0.091,-0.100,
1960,8,-0.040,-0.095,-0.091,-0.100,
1960,9,-0.029,-0.095,-0.091,-0.099,
1960,10,-0.072,-0.095,-0.090,-0.099,
1960,11,-0.064,-0.094,-0.090,-0.099,
1960,12,-0.192,-0.094,-0.090,-0.099,
1961,1,-0.132,-0.094,-0.090,-0.098,
1961,2,0.026,-0.094,-0.089,-0.098,
1961,3,0.045,-0.093,-0.089,-0.098,
1961,4,-0.058,-0.093,-0.089,-0.097,
1961,5,-0.095,-0.093,-0.089,-0.097,
1961,6,-0.100,-0.093,-0.088,-0.097,
1961,7,-0.099,-0.092,-0.088,-0.097,
1961,8,-0.104,-0.092,-0.088,-0.096,
1961,9,-0.096,-0.092,-0.088,-0.096,
1961,10,-0.099,-0.092,-0.087,-0.096,
1961,11,-0.067,-0.091,-0.087,-0.096,
1961,12,-0.073,-0.091,-0.087,-0.095,
1962,1,-0.116,-0.091,-0.086,-0.095,
1962,2,-0.008,-0.090,-0.086,-0.095,
1962,3,0.070,-0.090,-0.086,-0.094,
1962,4,-0.150,-0.090,-0.086,-0.094,
1962,5,-0.062,-0.090,-0.085,-0.094,
1962,6,-0.078,-0.089,-0.085,-0.094,
1962,7,-0.084,-0.089,-0.085,-0.093,
1962,8,-0.061,-0.089,-0.085,-0.093,
1962,9,-0.081,-0.089,-0.084,-0.093,
1962,10,-0.065,-0.088,-0.084,-0.093,
1962,11,-0.015,-0.088,-0.084,-0.092,
1962,12,-0.110,-0.088,-0.083,-0.092,
1963,1,-0.104,-0.087,-0.083,-0.092,
1963,2,-0.187,-0.087,-0.083,-0.092,
1963,3,-0.065,-0.087,-0.083,-0.091,
1963,4,-0.135,-0.087,-0.082,-0.091,
1963,5,-0.153,-0.086,-0.082,-0.091,
1963,6,-0.124,-0.086,-0.082,-0.090,
1963,7,-0.123,-0.086,-0.082,-0.090,
1963,8,-0.156,-0.086,-0.081,-0.090,
1963,9,-0.102,-0.085,-0.081,-0.090,
1963,10,-0.166,-0.085,-0.081,-0.089,
1963,11,-0.091,-0.085,-0.081,-0.089,
1963,12,-0.189,-0.085,-0.080,-0.089,
1964,1,-0.098,-0.084,-0.080,-0.089,
1964,2,-0.157,-0.084,-0.080,-0.088,
1964,3,-0.062,-0.084,-0.079,-0.088,
1964,4,-0.125,-0.083,-0.079,-0.088,
1964,5,-0.132,-0.083,-0.079,-0.088,
1964,6,-0.161,-0.083,-0.079,-0.087,
1964,7,-0.108,-0.083,-0.078,-0.087,
1964,8,-0.110,-0.082,-0.078,-0.087,
1964,9,-0.087,-0.082,-0.078,-0.086,
1964,10,-0.114,-0.082,-0.078,-0.086,
1964,11,-0.076,-0.082,-0.077,-0.086,
1964,12,-0.082,-0.081,-0.077,-0.086,
1965,1,-0.056,-0.081,-0.077,-0.085,
1965,2,-0.059,-0.081,-0.076,-0.085,
1965,3,-0.095,-0.081,-0.076,-0.085,
1965,4,-0.080,-0.080,-0.076,-0.085,
1965,5,-0.117,-0.080,-0.076,-0.084,
1965,6,-0.112,-0.080,-0.075,-0.084,
1965,7,-0.087,-0.079,-0.075,-0.084,
1965,8,-0.140,-0.079,-0.075,-0.083,
1965,9,-0.081,-0.079,-0.075,-0.083,
1965,10,-0.133,-0.079,-0.074,-0.083,
1965,11,-0.091,-0.078,-0.074,-0.083,
1965,12,-0.052,-0.078,-0.074,-0.082,
1966,1,-0.147,-0.078,-0.073,-0.082,
1966,2,-0.096,-0.078,-0.073,-0.082,
1966,3,-0.049,-0.077,-0.073,-0.082,
1966,4,-0.074,-0.077,-0.073,-0.081,
1966,5,-0.092,-0.077,-0.072,-0.081,
1966,6,-0.121,-0.076,-0.072,-0.081,
1966,7,-0.077,-0.076,-0.072,-0.081,
1966,8,-0.134,-0.076,-0.072,-0.080,
1966,9,-0.090,-0.076,-0.071,-0.080,
1966,10,-0.163,-0.075,-0.071,-0.080,
1966,11,-0.049,-0.075,-0.071,-0.079,
1966,12,-0.107,-0.075,-0.071,-0.079,
1967,1,-0.052,-0.075,-0.070,-0.079,
1967,2,-0.117,-0.074,-0.070,-0.079,
1967,3,-0.059,-0.074,-0.070,-0.078,
1967,4,-0.080,-0.074,-0.069,-0.078,
1967,5,-0.062,-0.074,-0.069,-0.078,
1967,6,-0.057,-0.073,-0.069,-0.078,
1967,7,-0.077,-0.073,-0.069,-0.077,
1967,8,-0.076,-0.073,-0.068,-0.077,
1967,9,-0.111,-0.072,-0.068,-0.077,
1967,10,-0.090,-0.072,-0.068,-0.077,
1967,11,-0.125,-0.072,-0.068,-0.076,
1967,12,0.018,-0.072,-0.067,-0.076,
1968,1,-0.095,-0.071,-0.067,-0.076,
1968,2,-0.151,-0.071,-0.067,-0.075,
1968,3,-0.135,-0.071,-0.066,-0.075,
1968,4,-0.068,-0.071,-0.066,-0.075,
1968,5,-0.049,-0.070,-0.066,-0.075,
1968,6,-0.042,-0.070,-0.066,-0.074,
1968,7,-0.074,-0.070,-0.065,-0.074,
1968,8,-0.091,-0.069,-0.065,-0.074,
1968,9,-0.078,-0.069,-0.065,-0.074,
1968,10,-0.117,-0.069,-0.065,-0.073,
1968,11,-0.018,-0.069,-0.064,-0.073,
1968,12,-0.186,-0.068,-0.064,-0.073,
1969,1,-0.135,-0.068,-0.064,-0.073,
1969,2,-0.114,-0.068,-0.063,-0.072,
1969,3,-0.083,-0.068,-0.063,-0.072,
1969,4,-0.071,-0.067,-0.063,-0.072,
1969,5,-0.086,-0.067,-0.063,-0.071,
1969,6,-0.027,-0.067,-0.062,-0.071,
1969,7,-0.004,-0.067,-0.062,-0.071,
1969,8,-0.085,-0.066,-0.062,-0.071,
1969,9,-0.057,-0.066,-0.062,-0.070,
1969,10,-0.047,-0.066,-0.061,-0.070,
1969,11,-0.021,-0.065,-0.061,-0.070,
1969,12,-0.128,-0.065,-0.061,-0.070,
1970,1,-0.092,-0.065,-0.061,-0.069,
1970,2,-0.084,-0.065,-0.060,-0.069,
1970,3,-0.074,-0.064,-0.060,-0.069,
1970,4,-0.010,-0.064,-0.060,-0.069,
1970,5,-0.101,-0.064,-0.059,-0.068,
1970,6,-0.048,-0.064,-0.059,-0.068,
1970,7,-0.056,-0.063,-0.059,-0.068,
1970,8,-0.027,-0.063,-0.059,-0.067,
1970,9,-0.084,-0.063,-0.058,-0.067,
1970,10,-0.005,-0.063,-0.058,-0.067,
1970,11,0.073,-0.062,-0.058,-0.067,
1970,12,0.027,-0.062,-0.058,-0.066,
1971,1,-0.086,-0.062,-0.057,-0.066,
1971,2,0.023,-0.061,-0.057,-0.066,
1971,3,-0.092,-0.061,-0.057,-0.066,
1971,4,-0.098,-0.061,-0.056,-0.065,
1971,5,-0.062,-0.061,-0.056,-0.065,
1971,6,-0.051,-0.060,-0.056,-0.065,
1971,7,-0.096,-0.060,-0.056,-0.065,
1971,8,-0.119,-0.060,-0.055,-0.064,
1971,9,-0.026,-0.060,-0.055,-0.064,
1971,10,0.084,-0.059,-0.055,-0.064,
1971,11,0.003,-0.059,-0.055,-0.064,
1971,12,-0.006,-0.059,-0.054,-0.063,
1972,1,-0.010,-0.058,-0.054,-0.063,
1972,2,-0.066,-0.058,-0.054,-0.063,
1972,3,0.002,-0.058,-0.053,-0.062,
1972,4,0.006,-0.058,-0.053,-0.062,
1972,5,0.024,-0.057,-0.053,-0.062,
1972,6,0.004,-0.057,-0.053,-0.062,
1972,7,-0.041,-0.057,-0.052,-0.061,
1972,8,-0.037,-0.057,-0.052,-0.061,
1972,9,-0.032,-0.056,-0.052,-0.061,
1972,10,-0.093,-0.056,-0.052,-0.061,
1972,11,0.046,-0.056,-0.051,-0.060,
1972,12,0.061,-0.056,-0.051,-0.060,
1973,1,0.048,-0.055,-0.051,-0.060,
1973,2,0.038,-0.055,-0.050,-0.060,
1973,3,0.088,-0.055,-0.050,-0.059,
1973,4,-0.004,-0.054,-0.050,-0.059,
1973,5,-0.001,-0.054,-0.050,-0.059,
1973,6,-0.030,-0.054,-0.049,-0.058,
1973,7,-0.026,-0.054,-0.049,-0.058,
1973,8,-0.030,-0.053,-0.049,-0.058,
1973,9,-0.026,-0.053,-0.049,-0.058,
1973,10,0.002,-0.053,-0.048,-0.057,
1973,11,-0.137,-0.053,-0.048,-0.057,
1973,12,-0.037,-0.052,-0.048,-0.057,
1974,1,0.085,-0.052,-0.047,-0.057,
1974,2,-0.005,-0.052,-0.047,-0.056,
1974,3,-0.110,-0.052,-0.047,-0.056,
1974,4,-0.098,-0.051,-0.047,-0.056,
1974,5,-0.034,-0.051,-0.046,-0.056,
1974,6,-0.021,-0.051,-0.046,-0.055,
1974,7,-0.068,-0.050,-0.046,-0.055,
1974,8,-0.073,-0.050,-0.046,-0.055,
1974,9,-0.072,-0.050,-0.045,-0.054,
1974,10,-0.178,-0.050,-0.045,-0.054,
1974,11,-0.085,-0.049,-0.045,-0.054,
1974,12,0.030,-0.049,-0.044,-0.054,
1975,1,-0.034,-0.049,-0.044,-0.053,
1975,2,0.029,-0.049,-0.044,-0.053,
1975,3,-0.055,-0.048,-0.044,-0.053,
1975,4,-0.235,-0.048,-0.043,-0.053,
1975,5,-0.004,-0.048,-0.043,-0.052,
1975,6,-0.051,-0.047,-0.043,-0.052,
1975,7,-0.013,-0.047,-0.043,-0.052,
1975,8,-0.082,-0.047,-0.042,-0.052,
1975,9,-0.026,-0.047,-0.042,-0.051,
1975,10,-0.014,-0.046,-0.042,-0.051,
1975,11,0.037,-0.046,-0.041,-0.051,
1975,12,0.021,-0.046,-0.041,-0.051,
1976,1,-0.028,-0.046,-0.041,-0.050,
1976,2,-0.029,-0.045,-0.041,-0.050,
1976,3,0.002,-0.045,-0.040,-0.050,
1976,4,-0.113,-0.045,-0.040,-0.049,
1976,5,-0.101,-0.045,-0.040,-0.049,
1976,6,-0.030,-0.044,-0.040,-0.049,
1976,7,-0.087,-0.044,-0.039,-0.049,
1976,8,-0.079,-0.044,-0.039,-0.048,
1976,9,-0.069,-0.043,-0.039,-0.048,
1976,10,-0.069,-0.043,-0.038,-0.048,
1976,11,-0.171,-0.043,-0.038,-0.048,
1976,12,-0.180,-0.043,-0.038,-0.047,
1977,1,-0.330,-0.042,-0.038,-0.047,
1977,2,-0.245,-0.042,-0.037,-0.047,
1977,3,-0.074,-0.042,-0.037,-0.047,
1977,4,-0.125,-0.042,-0.037,-0.046,
1977,5,-0.117,-0.041,-0.037,-0.046,
1977,6,-0.100,-0.041,-0.036,-0.046,
1977,7,-0.108,-0.041,-0.036,-0.045,
1977,8,-0.094,-0.040,-0.036,-0.045,
1977,9,0.004,-0.040,-0.035,-0.045,
1977,10,-0.078,-0.040,-0.035,-0.045,
1977,11,0.012,-0.040,-0.035,-0.044,
1977,12,0.049,-0.039,-0.035,-0.044,
1978,1,-0.046,-0.039,-0.034,-0.044,
1978,2,-0.029,-0.039,-0.034,-0.044,
1978,3,-0.028,-0.039,-0.034,-0.043,
1978,4,-0.010,-0.038,-0.034,-0.043,
1978,5,0.011,-0.038,-0.033,-0.043,
1978,6,-0.100,-0.038,-0.033,-0.043,
1978,7,-0.017,-0.038,-0.033,-0.042,
1978,8,-0.027,-0.037,-0.032,-0.042,
1978,9,0.010,-0.037,-0.032,-0.042,
1978,10,-0.053,-0.037,-0.032,-0.042,
1978,11,0.046,-0.036,-0.032,-0.041,
1978,12,-0.085,-0.036,-0.031,-0.041,
1979,1,-0.019,-0.036,-0.031,-0.041,
1979,2,-0.200,-0.036,-0.031,-0.040,
1979,3,0.005,-0.035,-0.031,-0.040,
1979,4,-0.071,-0.035,-0.030,-0.040,
1979,5,-0.062,-0.035,-0.030,-0.040,
1979,6,-0.051,-0.035,-0.030,-0.039,
1979,7,-0.062,-0.034,-0.029,-0.039,
1979,8,-0.067,-0.034,-0.029,-0.039,
1979,9,-0.011,-0.034,-0.029,-0.039,
1979,10,-0.053,-0.034,-0.029,-0.038,
1979,11,-0.030,-0.033,-0.028,-0.038,
1979,12,-0.076,-0.033,-0.028,-0.038,
1980,1,-0.010,-0.033,-0.028,-0.038,
1980,2,-0.105,-0.032,-0.028,-0.037,
1980,3,-0.147,-0.032,-0.027,-0.037,
1980,4,0.009,-0.032,-0.027,-0.037,
1980,5,-0.028,-0.032,-0.027,-0.037,
1980,6,-0.127,-0.031,-0.026,-0.036,
1980,7,-0.096,-0.031,-0.026,-0.036,
1980,8,-0.082,-0.031,-0.026,-0.036,
1980,9,-0.099,-0.031,-0.026,-0.035,
1980,10,-0.142,-0.030,-0.025,-0.035,
1980,11,-0.161,-0.030,-0.025,-0.035,
1980,12,-0.153,-0.030,-0.025,-0.035,
1981,1,-0.168,-0.029,-0.025,-0.034,
1981,2,-0.063,-0.029,-0.024,-0.034,
1981,3,-0.116,-0.029,-0.024,-0.034,
1981,4,-0.153,-0.029,-0.024,-0.034,
1981,5,-0.037,-0.028,-0.023,-0.033,
1981,6,-0.081,-0.028,-0.023,-0.033,
1981,7,-0.071,-0.028,-0.023,-0.033,
1981,8,-0.043,-0.028,-0.023,-0.033,
1981,9,-0.072,-0.027,-0.022,-0.032,
1981,10,-0.108,-0.027,-0.022,-0.032,
1981,11,-0.070,-0.027,-0.022,-0.032,
1981,12,-0.122,-0.027,-0.022,-0.032,
1982,1,-0.126,-0.026,-0.021,-0.031,
1982,2,-0.008,-0.026,-0.021,-0.031,
1982,3,-0.040,-0.026,-0.021,-0.031,
1982,4,-0.183,-0.025,-0.020,-0.030,
1982,5,-0.053,-0.025,-0.020,-0.030,
1982,6,0.059,-0.025,-0.020,-0.030,
1982,7,-0.059,-0.025,-0.020,-0.030,
1982,8,-0.098,-0.024,-0.019,-0.029,
1982,9,-0.063,-0.024,-0.019,-0.029,
1982,10,0.032,-0.024,-0.019,-0.029,
1982,11,-0.036,-0.024,-0.019,-0.029,
1982,12,0.040,-0.023,-0.018,-0.028,
1983,1,0.002,-0.023,-0.018,-0.028,
1983,2,0.090,-0.023,-0.018,-0.028,
1983,3,0.085,-0.022,-0.017,-0.028,
1983,4,0.048,-0.022,-0.017,-0.027,
1983,5,-0.007,-0.022,-0.017,-0.027,
1983,6,-0.002,-0.022,-0.017,-0.027,
1983,7,-0.035,-0.021,-0.016,-0.027,
1983,8,0.000,-0.021,-0.016,-0.026,
1983,9,-0.047,-0.021,-0.016,-0.026,
1983,10,0.059,-0.021,-0.016,-0.026,
1983,11,0.034,-0.020,-0.015,-0.025,
1983,12,-0.015,-0.020,-0.015,-0.025,
1984,1,0.005,-0.020,-0.015,-0.025,
1984,2,0.053,-0.020,-0.014,-0.025,
1984,3,-0.004,-0.019,-0.014,-0.024,
1984,4,0.152,-0.019,-0.014,-0.024,
1984,5,-0.059,-0.019,-0.014,-0.024,
1984,6,-0.030,-0.018,-0.013,-0.024,
1984,7,-0.050,-0.018,-0.013,-0.023,
1984,8,-0.018,-0.018,-0.013,-0.023,
1984,9,-0.081,-0.018,-0.012,-0.023,
1984,10,0.041,-0.017,-0.012,-0.023,
1984,11,-0.027,-0.017,-0.012,-0.022,
1984,12,0.006,-0.017,-0.012,-0.022,
1985,1,-0.095,-0.017,-0.011,-0.022,
1985,2,-0.044,-0.016,-0.011,-0.022,
1985,3,-0.083,-0.016,-0.011,-0.021,
1985,4,-0.043,-0.016,-0.011,-0.021,
1985,5,-0.019,-0.016,-0.010,-0.021,
1985,6,-0.069,-0.015,-0.010,-0.020,
1985,7,-0.017,-0.015,-0.010,-0.020,
1985,8,-0.024,-0.015,-0.009,-0.020,
1985,9,-0.111,-0.014,-0.009,-0.020,
1985,10,-0.011,-0.014,-0.009,-0.019,
1985,11,0.156,-0.014,-0.009,-0.019,
1985,12,-0.018,-0.014,-0.008,-0.019,
1986,1,-0.120,-0.013,-0.008,-0.019,
1986,2,0.059,-0.013,-0.008,-0.018,
1986,3,-0.086,-0.013,-0.008,-0.018,
1986,4,0.039,-0.013,-0.007,-0.018,
1986,5,-0.013,-0.012,-0.007,-0.018,
1986,6,-0.091,-0.012,-0.007,-0.017,
1986,7,-0.044,-0.012,-0.006,-0.017,
1986,8,-0.043,-0.011,-0.006,-0.017,
1986,9,-0.072,-0.011,-0.006,-0.017,
1986,10,-0.032,-0.011,-0.006,-0.016,
1986,11,-0.036,-0.011,-0.005,-0.016,
1986,12,0.015,-0.010,-0.005,-0.016,
1987,1,-0.001,-0.010,-0.005,-0.015,
1987,2,-0.038,-0.010,-0.005,-0.015,
1987,3,0.109,-0.010,-0.004,-0.015,
1987,4,0.088,-0.009,-0.004,-0.015,
1987,5,-0.065,-0.009,-0.004,-0.014,
1987,6,-0.045,-0.009,-0.003,-0.014,
1987,7,-0.035,-0.009,-0.003,-0.014,
1987,8,-0.018,-0.008,-0.003,-0.014,
1987,9,-0.011,-0.008,-0.003,-0.013,
1987,10,-0.102,-0.008,-0.002,-0.013,
1987,11,-0.085,-0.007,-0.002,-0.013,
1987,12,0.027,-0.007,-0.002,-0.013,
1988,1,-0.052,-0.007,-0.001,-0.012,
1988,2,0.008,-0.007,-0.001,-0.012,
1988,3,-0.092,-0.006,-0.001,-0.012,
1988,4,0.057,-0.006,-0.001,-0.012,
1988,5,0.008,-0.006,-0.000,-0.011,
1988,6,-0.072,-0.006,-0.000,-0.011,
1988,7,-0.074,-0.005,0.000,-0.011,
1988,8,-0.046,-0.005,0.000,-0.010,
1988,9,-0.111,-0.005,0.001,-0.010,
1988,10,-0.099,-0.004,0.001,-0.010,
1988,11,-0.070,-0.004,0.001,-0.010,
1988,12,-0.076,-0.004,0.002,-0.009,
1989,1,-0.025,-0.004,0.002,-0.009,
1989,2,-0.069,-0.003,0.002,-0.009,
1989,3,-0.034,-0.003,0.002,-0.009,
1989,4,-0.077,-0.003,0.003,-0.008,
1989,5,-0.043,-0.003,0.003,-0.008,
1989,6,-0.042,-0.002,0.003,-0.008,
1989,7,-0.023,-0.002,0.003,-0.008,
1989,8,-0.034,-0.002,0.004,-0.007,
1989,9,-0.017,-0.002,0.004,-0.007,
1989,10,-0.047,-0.001,0.004,-0.007,
1989,11,-0.073,-0.001,0.005,-0.007,
1989,12,-0.168,-0.001,0.005,-0.006,
1990,1,-0.040,-0.000,0.005,-0.006,
1990,2,-0.014,-0.000,0.005,-0.006,
1990,3,-0.052,0.000,0.006,-0.006,
1990,4,-0.074,0.000,0.006,-0.005,
1990,5,-0.031,0.001,0.006,-0.005,
1990,6,-0.057,0.001,0.006,-0.005,
1990,7,-0.041,0.001,0.007,-0.004,
1990,8,-0.006,0.001,0.007,-0.004,
1990,9,-0.041,0.002,0.007,-0.004,
1990,10,-0.026,0.002,0.008,-0.004,
1990,11,-0.064,0.002,0.008,-0.003,
1990,12,0.009,0.002,0.008,-0.003,
1991,1,0.060,0.003,0.008,-0.003,
1991,2,0.014,0.003,0.009,-0.003,
1991,3,0.073,0.003,0.009,-0.002,
1991,4,-0.001,0.004,0.009,-0.002,
1991,5,-0.016,0.004,0.010,-0.002,
1991,6,-0.017,0.004,0.010,-0.002,
1991,7,-0.001,0.004,0.010,-0.001,
1991,8,-0.037,0.005,0.010,-0.001,
1991,9,-0.057,0.005,0.011,-0.001,
1991,10,-0.038,0.005,0.011,-0.001,
1991,11,-0.006,0.005,0.011,-0.000,
1991,12,-0.049,0.006,0.011,-0.000,
1992,1,0.024,0.006,0.012,0.000,
1992,2,0.053,0.006,0.012,0.001,
1992,3,-0.034,0.007,0.012,0.001,
1992,4,0.018,0.007,0.013,0.001,
1992,5,0.008,0.007,0.013,0.001,
1992,6,0.028,0.007,0.013,0.002,
1992,7,0.014,0.008,0.013,0.002,
1992,8,-0.024,0.008,0.014,0.002,
1992,9,-0.057,0.008,0.014,0.002,
1992,10,-0.032,0.008,0.014,0.003,
1992,11,0.061,0.009,0.014,0.003,
1992,12,0.009,0.009,0.015,0.003,
1993,1,0.085,0.009,0.015,0.003,
1993,2,0.032,0.009,0.015,0.004,
1993,3,0.021,0.010,0.016,0.004,
1993,4,0.140,0.010,0.016,0.004,
1993,5,0.033,0.010,0.016,0.004,
1993,6,-0.027,0.011,0.016,0.005,
1993,7,-0.007,0.011,0.017,0.005,
1993,8,0.024,0.011,0.017,0.005,
1993,9,-0.014,0.011,0.017,0.005,
1993,10,-0.005,0.012,0.018,0.006,
1993,11,-0.012,0.012,0.018,0.006,
1993,12,0.076,0.012,0.018,0.006,
1994,1,-0.092,0.012,0.018,0.007,
1994,2,0.026,0.013,0.019,0.007,
1994,3,0.021,0.013,0.019,0.007,
1994,4,-0.011,0.013,0.019,0.007,
1994,5,-0.031,0.014,0.019,0.008,
1994,6,-0.021,0.014,0.020,0.008,
1994,7,-0.027,0.014,0.020,0.008,
1994,8,-0.031,0.014,0.020,0.008,
1994,9,-0.064,0.015,0.021,0.009,
1994,10,0.007,0.015,0.021,0.009,
1994,11,-0.059,0.015,0.021,0.009,
1994,12,0.074,0.015,0.021,0.009,
1995,1,0.023,0.016,0.022,0.010,
1995,2,-0.101,0.016,0.022,0.010,
1995,3,0.022,0.016,0.022,0.010,
1995,4,-0.051,0.016,0.022,0.010,
1995,5,0.034,0.017,0.023,0.011,
1995,6,-0.019,0.017,0.023,0.011,
1995,7,0.006,0.017,0.023,0.011,
1995,8,0.090,0.018,0.024,0.011,
1995,9,0.018,0.018,0.024,0.012,
1995,10,0.041,0.018,0.024,0.012,
1995,11,0.007,0.018,0.024,0.012,
1995,12,-0.041,0.019,0.025,0.013,
1996,1,0.130,0.019,0.025,0.013,
1996,2,-0.018,0.019,0.025,0.013,
1996,3,-0.006,0.019,0.026,0.013,
1996,4,0.030,0.020,0.026,0.014,
1996,5,0.014,0.020,0.026,0.014,
1996,6,0.034,0.020,0.026,0.014,
1996,7,0.000,0.020,0.027,0.014,
1996,8,0.031,0.021,0.027,0.015,
1996,9,0.160,0.021,0.027,0.015,
1996,10,0.100,0.021,0.027,0.015,
1996,11,0.082,0.022,0.028,0.015,
1996,12,0.203,0.022,0.028,0.016,
1997,1,0.064,0.022,0.028,0.016,
1997,2,0.099,0.022,0.029,0.016,
1997,3,0.083,0.023,0.029,0.016,
1997,4,0.024,0.023,0.029,0.017,
1997,5,-0.044,0.023,0.029,0.017,
1997,6,0.090,0.023,0.030,0.017,
1997,7,0.008,0.024,0.030,0.017,
1997,8,0.020,0.024,0.030,0.018,
1997,9,-0.003,0.024,0.030,0.018,
1997,10,0.011,0.025,0.031,0.018,
1997,11,0.068,0.025,0.031,0.019,
1997,12,0.075,0.025,0.031,0.019,
1998,1,0.187,0.025,0.032,0.019,
1998,2,0.285,0.026,0.032,0.019,
1998,3,0.111,0.026,0.032,0.020,
1998,4,0.123,0.026,0.032,0.020,
1998,5,0.131,0.026,0.033,0.020,
1998,6,0.023,0.027,0.033,0.020,
1998,7,0.033,0.027,0.033,0.021,
1998,8,0.056,0.027,0.034,0.021,
1998,9,0.028,0.027,0.034,0.021,
1998,10,-0.027,0.028,0.034,0.021,
1998,11,0.007,0.028,0.034,0.022,
1998,12,0.043,0.028,0.035,0.022,
1999,1,0.050,0.029,0.035,0.022,
1999,2,0.144,0.029,0.035,0.022,
1999,3,-0.036,0.029,0.035,0.023,
1999,4,0.046,0.029,0.036,0.023,
1999,5,0.038,0.030,0.036,0.023,
1999,6,-0.013,0.030,0.036,0.023,
1999,7,-0.001,0.030,0.037,0.024,
1999,8,0.018,0.030,0.037,0.024,
1999,9,0.022,0.031,0.037,0.024,
1999,10,-0.029,0.031,0.037,0.025,
1999,11,-0.033,0.031,0.038,0.025,
1999,12,0.003,0.032,0.038,0.025,
2000,1,-0.118,0.032,0.038,0.025,
2000,2,-0.059,0.032,0.038,0.026,
2000,3,0.047,0.032,0.039,0.026,
2000,4,0.019,0.033,0.039,0.026,
2000,5,0.056,0.033,0.039,0.026,
2000,6,-0.017,0.033,0.040,0.027,
2000,7,0.037,0.033,0.040,0.027,
2000,8,-0.006,0.034,0.040,0.027,
2000,9,-0.009,0.034,0.040,0.027,
2000,10,-0.063,0.034,0.041,0.028,
2000,11,0.017,0.034,0.041,0.028,
2000,12,-0.114,0.035,0.041,0.028,
2001,1,0.009,0.035,0.042,0.028,
2001,2,-0.030,0.035,0.042,0.029,
2001,3,-0.009,0.036,0.042,0.029,
2001,4,0.006,0.036,0.042,0.029,
2001,5,0.033,0.036,0.043,0.029,
2001,6,-0.027,0.036,0.043,0.030,
2001,7,0.006,0.037,0.043,0.030,
2001,8,0.000,0.037,0.043,0.030,
2001,9,0.023,0.037,0.044,0.031,
2001,10,-0.029,0.037,0.044,0.031,
2001,11,0.015,0.038,0.044,0.031,
2001,12,0.059,0.038,0.045,0.031,
2002,1,-0.049,0.038,0.045,0.032,
2002,2,0.054,0.038,0.045,0.032,
2002,3,-0.068,0.039,0.045,0.032,
2002,4,-0.052,0.039,0.046,0.032,
2002,5,-0.064,0.039,0.046,0.033,
2002,6,0.008,0.040,0.046,0.033,
2002,7,-0.018,0.040,0.047,0.033,
2002,8,0.003,0.040,0.047,0.033,
2002,9,0.032,0.040,0.047,0.034,
2002,10,0.073,0.041,0.047,0.034,
2002,11,-0.036,0.041,0.048,0.034,
2002,12,-0.017,0.041,0.048,0.034,
2003,1,-0.060,0.041,0.048,0.035,
2003,2,-0.062,0.042,0.048,0.035,
2003,3,0.086,0.042,0.049,0.035,
2003,4,0.075,0.042,0.049,0.035,
2003,5,0.066,0.043,0.049,0.036,
2003,6,0.032,0.043,0.050,0.036,
2003,7,0.013,0.043,0.050,0.036,
2003,8,0.006,0.043,0.050,0.037,
2003,9,0.130,0.044,0.050,0.037,
2003,10,0.016,0.044,0.051,0.037,
2003,11,0.053,0.044,0.051,0.037,
2003,12,0.001,0.044,0.051,0.038,
2004,1,-0.109,0.045,0.051,0.038,
2004,2,-0.005,0.045,0.052,0.038,
2004,3,0.046,0.045,0.052,0.038,
2004,4,-0.035,0.045,0.052,0.039,
2004,5,0.005,0.046,0.053,0.039,
2004,6,-0.003,0.046,0.053,0.039,
2004,7,0.060,0.046,0.053,0.039,
2004,8,0.044,0.047,0.053,0.040,
2004,9,0.095,0.047,0.054,0.040,
2004,10,0.150,0.047,0.054,0.040,
2004,11,0.055,0.047,0.054,0.040,
2004,12,0.058,0.048,0.055,0.041,
2005,1,0.087,0.048,0.055,0.041,
2005,2,0.155,0.048,0.055,0.041,
2005,3,0.065,0.048,0.055,0.041,
2005,4,0.165,0.049,0.056,0.042,
2005,5,0.111,0.049,0.056,0.042,
2005,6,0.078,0.049,0.056,0.042,
2005,7,0.073,0.049,0.056,0.043,
2005,8,0.073,0.050,0.057,0.043,
2005,9,0.034,0.050,0.057,0.043,
2005,10,0.050,0.050,0.057,0.043,
2005,11,0.029,0.051,0.058,0.044,
2005,12,0.014,0.051,0.058,0.044,
2006,1,0.081,0.051,0.058,0.044,
2006,2,0.041,0.051,0.058,0.044,
2006,3,-0.016,0.052,0.059,0.045,
2006,4,0.041,0.052,0.059,0.045,
2006,5,0.083,0.052,0.059,0.045,
2006,6,0.025,0.052,0.060,0.045,
2006,7,0.006,0.053,0.060,0.046,
2006,8,0.043,0.053,0.060,0.046,
2006,9,0.114,0.053,0.060,0.046,
2006,10,0.059,0.054,0.061,0.046,
2006,11,0.109,0.054,0.061,0.047,
2006,12,0.028,0.054,0.061,0.047,
2007,1,0.020,0.054,0.061,0.047,
2007,2,-0.157,0.055,0.062,0.047,
2007,3,-0.041,0.055,0.062,0.048,
2007,4,-0.011,0.055,0.062,0.048,
2007,5,-0.007,0.055,0.063,0.048,
2007,6,0.061,0.056,0.063,0.049,
2007,7,0.026,0.056,0.063,0.049,
2007,8,0.052,0.056,0.063,0.049,
2007,9,0.016,0.056,0.064,0.049,
2007,10,0.075,0.057,0.064,0.050,
2007,11,0.023,0.057,0.064,0.050,
2007,12,0.062,0.057,0.065,0.050,
2008,1,0.041,0.058,0.065,0.050,
2008,2,0.047,0.058,0.065,0.051,
2008,3,0.075,0.058,0.065,0.051,
2008,4,0.101,0.058,0.066,0.051,
2008,5,0.122,0.059,0.066,0.051,
2008,6,0.029,0.059,0.066,0.052,
2008,7,0.030,0.059,0.066,0.052,
2008,8,0.019,0.059,0.067,0.052,
2008,9,0.062,0.060,0.067,0.052,
2008,10,0.005,0.060,0.067,0.053,
2008,11,0.005,0.060,0.068,0.053,
2008,12,-0.002,0.061,0.068,0.053,
2009,1,-0.002,0.061,0.068,0.053,
2009,2,0.017,0.061,0.068,0.054,
2009,3,0.055,0.061,0.069,0.054,
2009,4,0.039,0.062,0.069,0.054,
2009,5,0.037,0.062,0.069,0.054,
2009,6,0.172,0.062,0.069,0.055,
2009,7,0.122,0.062,0.070,0.055,
2009,8,0.031,0.063,0.070,0.055,
2009,9,0.084,0.063,0.070,0.056,
2009,10,0.121,0.063,0.071,0.056,
2009,11,0.183,0.063,0.071,0.056,
2009,12,0.103,0.064,0.071,0.056,
2010,1,0.068,0.064,0.071,0.057,
2010,2,0.059,0.064,0.072,0.057,
2010,3,0.243,0.065,0.072,0.057,
2010,4,0.100,0.065,0.072,0.057,
2010,5,0.056,0.065,0.073,0.058,
2010,6,0.070,0.065,0.073,0.058,
2010,7,0.040,0.066,0.073,0.058,
2010,8,0.129,0.066,0.073,0.058,
2010,9,0.090,0.066,0.074,0.059,
2010,10,0.051,0.066,0.074,0.059,
2010,11,0.123,0.067,0.074,0.059,
2010,12,0.017,0.067,0.074,0.059,
2011,1,0.079,0.067,0.075,0.060,
2011,2,0.068,0.067,0.075,0.060,
2011,3,0.165,0.068,0.075,0.060,
2011,4,0.137,0.068,0.076,0.060,
2011,5,0.209,0.068,0.076,0.061,
2011,6,0.112,0.069,0.076,0.061,
2011,7,0.108,0.069,0.076,0.061,
2011,8,0.093,0.069,0.077,0.062,
2011,9,0.197,0.069,0.077,0.062,
2011,10,0.124,0.070,0.077,0.062,
2011,11,0.110,0.070,0.078,0.062,
2011,12,0.132,0.070,0.078,0.063,
2012,1,0.080,0.070,0.078,0.063,
2012,2,0.068,0.071,0.078,0.063,
2012,3,0.117,0.071,0.079,0.063,
2012,4,0.048,0.071,0.079,0.064,
2012,5,0.115,0.072,0.079,0.064,
2012,6,0.154,0.072,0.079,0.064,
2012,7,0.089,0.072,0.080,0.064,
2012,8,0.112,0.072,0.080,0.065,
2012,9,0.031,0.073,0.080,0.065,
2012,10,0.097,0.073,0.081,0.065,
2012,12,0.186,0.073,0.081,0.066,
2013,1,0.104,0.074,0.081,0.066,
2013,2,0.053,0.074,0.082,0.066,
2013,3,0.115,0.074,0.082,0.066,
2013,4,0.089,0.074,0.082,0.067,
2013,5,0.017,0.075,0.083,0.067,
2013,6,0.058,0.075,0.083,0.067,
2013,7,0.088,0.075,0.083,0.067,
2013,8,0.098,0.076,0.083,0.068,
2013,9,0.063,0.076,0.084,0.068,
2013,10,0.138,0.076,0.084,0.068,
2013,11,-0.037,0.076,0.084,0.069,
2013,12,0.076,0.077,0.084,0.069,
2014,1,0.033,0.077,0.085,0.069,
2014,2,0.031,0.077,0.085,0.069,
2014,3,0.034,0.077,0.085,0.070,
2014,4,0.117,0.078,0.086,0.070,
2014,5,0.113,0.078,0.086,0.070,
2014,6,0.131,0.078,0.086,0.070,
2014,7,0.076,0.079,0.086,0.071,
2014,8,0.128,0.079,0.087,0.071,
2014,9,0.091,0.079,0.087,0.071,
2014,10,0.135,0.079,0.087,0.071,
2014,11,-0.003,0.080,0.088,0.072,
2014,12,0.117,0.080,0.088,0.072,
2015,1,-0.012,0.080,0.088,0.072,
2015,2,-0.005,0.080,0.088,0.072,
2015,3,-0.049,0.081,0.089,0.073,
2015,4,0.024,0.081,0.089,0.073,
2015,5,-0.009,0.081,0.089,0.073,
2015,6,0.081,0.081,0.089,0.073,
2015,7,0.133,0.082,0.090,0.074,
2015,8,0.092,0.082,0.090,0.074,
2015,9,0.117,0.082,0.090,0.074,
2015,10,0.115,0.083,0.091,0.075,
2015,11,0.076,0.083,0.091,0.075,
2015,12,0.175,0.083,0.091,0.075,
2016,1,0.087,0.083,0.091,0.075,
2016,2,0.119,0.084,0.092,0.076,
2016,3,0.118,0.084,0.092,0.076,
2016,4,0.102,0.084,0.092,0.076,
2016,5,0.070,0.084,0.093,0.076,
2016,6,0.053,0.085,0.093,0.077,
2016,7,0.073,0.085,0.093,0.077,
2016,8,0.065,0.085,0.093,0.077,
2016,9,0.172,0.085,0.094,0.077,
2016,10,0.096,0.086,0.094,0.078,
2016,11,0.043,0.086,0.094,0.078,
2016,12,0.056,0.086,0.094,0.078,
2017,1,0.114,0.087,0.095,0.078,
2017,2,0.104,0.087,0.095,0.079,
2017,3,-0.073,0.087,0.095,0.079,
2017,4,0.167,0.087,0.096,0.079,
2017,5,0.181,0.088,0.096,0.079,
2017,6,0.117,0.088,0.096,0.080,
2017,7,0.117,0.088,0.096,0.080,
2017,8,0.142,0.088,0.097,0.080,
2017,9,0.119,0.089,0.097,0.080,
2017,10,0.135,0.089,0.097,0.081,
2017,11,0.134,0.089,0.098,0.081,
2017,12,0.051,0.090,0.098,0.081,
2018,1,-0.071,0.090,0.098,0.082,
2018,2,0.098,0.090,0.098,0.082,
2018,3,0.091,0.090,0.099,0.082,
2018,4,0.069,0.091,0.099,0.082,
2018,5,0.111,0.091,0.099,0.083,
2018,6,0.175,0.091,0.099,0.083,
2018,7,0.174,0.091,0.100,0.083,
2018,8,0.119,0.092,0.100,0.083,
2018,9,0.261,0.092,0.100,0.084,
2018,10,0.125,0.092,0.101,0.084,
2018,11,0.114,0.092,0.101,0.084,
2018,12,0.247,0.093,0.101,0.084,
2019,1,0.177,0.093,0.101,0.085,
2019,2,0.134,0.093,0.102,0.085,
2019,3,0.140,0.094,0.102,0.085,
2019,4,0.140,0.094,0.102,0.085,
2019,5,0.201,0.094,0.103,0.086,
2019,6,0.128,0.094,0.103,0.086,
2019,7,0.151,0.095,0.103,0.086,
2019,8,0.153,0.095,0.103,0.086,
2019,9,0.189,0.095,0.104,0.087,
2019,10,0.247,0.095,0.104,0.087,
2019,11,0.137,0.096,0.104,0.087,
2019,12,0.137,0.096,0.104,0.087,
2020,1,0.163,0.096,0.105,0.088,
2020,2,0.171,0.097,0.105,0.088,
2020,3,0.195,0.097,0.105,0.088,
2020,4,0.177,0.097,0.106,0.089,
2020,5,0.091,0.097,0.106,0.089,
2020,6,0.137,0.098,0.106,0.089,
2020,7,0.158,0.098,0.106,0.089,
2020,8,0.136,0.098,0.107,0.090,
2020,9,0.144,0.098,0.107,0.090,
2020,10,0.125,0.099,0.107,0.090,
2020,11,0.111,0.099,0.107,0.090,
2020,12,0.162,0.099,0.108,0.091,
2021,1,0.185,0.099,0.108,0.091,
2021,2,0.167,0.100,0.108,0.091,
